[
    {
      "service_name": "Air-Con, Heating and Cooling",
      "sub_services": [
        "Aircon Regas",
        "Air Conditioning Service",
        "Other - Air-Con, Heating and Cooling",
        "Car Heater",
        "Overheating Problems",
        "Heater Matrix",
        "Air Con Recharge"
      ]
    },
    {
      "service_name": "Alloy Wheel Refurbishment",
      "sub_services": [
        "Alloy Wheel Refurbishment",
        "Alloy Wheel Refurb - 1 Wheel",
        "Alloy Wheel Refurb - 2 Wheels",
        "Alloy Wheel Refurb - 3 Wheels",
        "Alloy Wheel Refurb - 4 Wheels",
        "Diamond Cut Alloy Wheel Refurb",
        "Powder Coated Alloy Wheel Refurb"
      ]
    },
    {
      "service_name": "Bodyshop",
      "sub_services": [
        "Front Bumper Damage",
        "Rear Bumper Damage",
        "Doors/Side Panel Damage",
        "Roof/Bonnet Damage",
        "Paintless Dent Removal",
        "Stone Chip Removal"
      ]
    },
    {
      "service_name": "Dent Removal",
      "sub_services": [
        "Small Dent",
        "Large Dent",
        "Scratch Removal",
        "Scuff Repair"
      ]
    },
    {
      "service_name": "Paint Work",
      "sub_services": [
        "Paintwork Repair",
        "Accident Repairs",
        "SMART Repair, Scratches and Scuffs",
        "Other - Bodywork, Dents and Smart Repairs",
        "Panel Beating",
        "Welding",
        "Respraying",
        "Wrapping and Vinyl Wrap",
        "Restoration",
        "Tow Bar",
        "Crash Repairs",
        "Rust Removal",
        "Scratch Repair",
        "Smart Repair"
      ]
    },
    {
      "service_name": "Brake Repairs",
      "sub_services": [
        "Brake Pads and Discs",
        "Front Pads",
        "Rear Pads",
        "Front Pads and Discs",
        "Rear Pads and Discs",
        "Front and Rear Pads",
        "Front and Rear Pads and Discs",
        "Brake Repairs",
        "Squeaking Brakes",
        "ABS System",
        "Handbrake",
        "Brake Calipers",
        "Front Brake Calipers",
        "Rear Brake Calipers",
        "Brake Servo",
        "Other - Brakes and Exhausts",
        "Brake Disc",
        "Rear Brake Drum",
        "Rear brake shoes",
        "Rear wheel cylinder"
      ]
    },
    {
      "service_name": "Clutch – Gearbox Repairs",
      "sub_services": [
        "Clutch Repairs",
        "Clutch Replacement",
        "Clutch Cable",
        "Slipping Clutch",
        "Worn Clutch",
        "Transmission Problems",
        "Dual Clutch Issues",
        "Clutch and Dual Mass Flywheel",
        "Gearbox Repairs",
        "Auto Gearbox Repairs",
        "Manual Gearbox Repairs",
        "Tiptronic Gearbox Problems",
        "Gear Linkage",
        "Clutch and Gearbox Repairs - Other",
        "Reconditioned Gearbox",
        "Auto Gearbox Specialist",
        "Automatic Transmission Fluid",
        "Clutch Master Cylinder",
        "Clutch pedal on floor diagnostic",
        "Clutch Plate",
        "Clutch Slave Cylinder",
        "Gearbox Oil",
        "New Clutch",
        "DSG Oil Service"
      ]
    },
    {
      "service_name": "Diagnostics",
      "sub_services": [
        "Automatic Transmission Diagnostic",
        "Diagnostics - Other",
        "Sensor - Tyre Pressure",
        "Sensors",
        "Sensors - ABS",
        "Sensors - Air Temperature",
        "Sensors - DPF",
        "Sensors - Exhaust",
        "Sensors - Fluid Level",
        "Sensors - Fuel Pressure",
        "Sensors - Oil Pressure",
        "Sensors - Throttle",
        "Sensors - Vehicle Speed",
        "Loss of Power",
        "My Car Won't Start",
        "Leak",
        "Banging or Knocking Noise",
        "Ticking or Rattling Noise",
        "Squeaking or Squealing Noise",
        "Car Pulling Left or Right",
        "Engine Balancing and Remapping",
        "Engine Tuning",
        "Steering Wheel Shaking",
        "Diesel Tuning",
        "Diagnostic",
        "Diagnostic Test",
        "Electrical Fault Diagnosis"
      ]
    },
    {
      "service_name": "Electrical and Batteries",
      "sub_services": [
        "Alternator Repair",
        "Electrical Faults",
        "Electric Windows",
        "Indicators",
        "Airbag Light",
        "Windscreen Wiper Fault",
        "Glow Plugs",
        "Car Battery",
        "Flat Battery",
        "Battery Replacement",
        "Mobile Battery Replacement",
        "Battery Condition Check",
        "Battery Warning Light Inspection",
        "Battery Fitting",
        "ECU Repairs",
        "Electrical and Batteries - Other",
        "Lights and Bulbs",
        "Starter Motor",
        "Parking Sensors",
        "Check Engine Light",
        "Alternator belt",
        "Alternator belt and tensioner",
        "ECU Fault",
        "ECU Remapping",
        "ECU Testing",
        "Flat Battery Old",
        "Other Warning light on",
        "Side lamp",
        "Wiring Loom"
      ]
    },
    {
      "service_name": "Engine and Cooling",
      "sub_services": [
        "Cambelt Change",
        "Cambelt",
        "Cambelt and Water Pump",
        "Head Gasket",
        "Head Gasket Seal",
        "Head Gasket Failure",
        "Cracked Head Gasket",
        "Head Gasket Diagnosis",
        "Engine and Cooling - Other",
        "Crankshaft",
        "Pistons",
        "Piston Rings",
        "Other Engine Parts",
        "Turbo Faults and Replacement",
        "Timing Belt",
        "Engine Management Light",
        "Timing Chain",
        "Diesel Engine Faults",
        "Fuel Injection System",
        "Water Pump",
        "Car Radiator Repair",
        "Radiator Leak",
        "Radiator Replacement",
        "Radiator Repair",
        "Radiator Flush",
        "Engine Coolant",
        "Cooling Fan",
        "Fan Belt",
        "Fuel Pump",
        "Camshaft Sensor",
        "Coolant Hoses",
        "Cooling other",
        "Crankshaft Sensor",
        "Engine other",
        "Engine Parts",
        "Fan belt and tensioner",
        "Head gasket replacement",
        "Ignition Coil",
        "Ignition Switch",
        "Spark Plugs",
        "Temperature sensor",
        "Thermostat housing replacement",
        "Thermostat replacement",
        "Turbo Intercooler or pipes",
        "Water Pump Replacement"
      ]
    },
    {
      "service_name": "Exhaust Repairs",
      "sub_services": [
        "Exhaust Fitting",
        "Exhaust Repair",
        "EGR Valve",
        "Diesel Particulate Filter Replacement",
        "White Smoke from Exhaust",
        "Blue Smoke from Exhaust",
        "Diesel Particulate Filter Clean",
        "Back Box - Exhaust Rear Fitting",
        "Catalytic Converter",
        "Complete Exhaust (less catalytic converter)",
        "Exhaust Centre Section",
        "Exhaust Diagnostic",
        "Exhaust Downpipe",
        "Exhaust Flexi Pipe",
        "Exhaust Manifold",
        "Exhaust System",
        "Lambda Sensor",
        "Oxygen Sensor"
      ]
    },
    {
      "service_name": "Hybrid and Electric Vehicles",
      "sub_services": [
        "Electric Car Repairs",
        "Electric Car Servicing",
        "Hybrid and Electric Car Repairs",
        "Hybrid Car Battery Repair",
        "Hybrid Car Repairs",
        "Hybrid Car Servicing"
      ]
    },
    {
      "service_name": "Interior, Audio and Navigation",
      "sub_services": [
        "Convertible Roof Repair",
        "Mechanical Convertible Roof Repair",
        "Fabric Convertible Roof Repair",
        "Car Audio",
        "Interior, NAV and Entertainment - Other",
        "Upholstery Repair",
        "Interior Trim",
        "Dash Cam",
        "In-Car Entertainment",
        "Ply Lining",
        "Sat Nav"
      ]
    },
    {
      "service_name": "Mobile Mechanics and Services",
      "sub_services": [
        "Convertible Roof Repair",
        "Mechanical Convertible Roof Repair",
        "Fabric Convertible Roof Repair",
        "Car Audio",
        "Interior, NAV and Entertainment - Other",
        "Upholstery Repair",
        "Interior Trim",
        "Dash Cam",
        "In-Car Entertainment",
        "Ply Lining",
        "Sat Nav"
      ]
    },
    {
      "service_name": "Interior, Audio and Navigation",
      "sub_services": [
        "Mobile Mechanic",
        "Car Won't Start - Mobile",
        "Engine Management Light - Mobile",
        "Starter Motor - Mobile",
        "Brake Pads And Discs - Mobile",
        "Battery Flat - Mobile",
        "Fuel Pump - Mobile",
        "Alternator Issue - Mobile",
        "Clutch Replacement - Mobile",
        "Oil and Filters - Mobile",
        "Other Mobile Service",
        "Mobile Mechanics and Services - Other",
        "Mobile Alloy Wheel Repair",
        "Mobile Servicing",
        "Mobile Tyre Fitting",
        "Pre-Purchase Car Inspection",
        "Mobile Dent Repair",
        "Mobile Accident Repair",
        "Mobile Alloy Wheel Repairs",
        "Mobile Car Diagnostics",
        "Wrong Fuel"
      ]
    },
    {
      "service_name": "Not Sure - Help Me Choose!",
      "sub_services": [
        "General Repairs",
        "General Repair - Clutch",
        "General Repair - Cambelt",
        "General Repair - Brakes",
        "General Repair - Engine",
        "General Repair - Steering",
        "General Repair - Suspension",
        "Other Problem - Smoking, Strange Smells etc",
        "Minor Repairs",
        "Air Filters",
        "Car Repair",
        "Repairs",
        "Specialist "
      ]
    },
    {
      "service_name": "Safety Components",
      "sub_services": ["Airbag Repairs", "Seatbelt Repairs"]
    },
    {
      "service_name": "Security, Locking and Keys",
      "sub_services": [
        "Key Repair",
        "Key Replacement",
        "Central Locking Systems",
        "Front Door Won't Open",
        "Rear Door Won't Open",
        "Boot Won't Open",
        "Bonnet Won't Open",
        "Key Programming and Codes",
        "Security, Locking and Keys - Other",
        "Auto Locksmith",
        "Immobiliser Faults",
        "Car Alarm Keeps Going Off",
        "Security"
      ]
    },
    {
      "service_name": "Servicing and MOT",
      "sub_services": [
        "Full Service",
        "MOT",
        "Full Service and MOT",
        "Oil Change",
        "Interim Service",
        "Interim Service and MOT",
        "Oil Change and MOT",
        "Engine Oil",
        "Servicing and MOT - Other",
        "Fuel Economy Service",
        "Vehicle Health Check",
        "AdBlue",
        "Summer Check",
        "Winter Check",
        "Brake Fluid Change",
        "Car Servicing",
        "Engine Carbon Clean",
        "Go Compare £10 MOT",
        "Major Service",
        "Major Service and MOT",
        "Pre MOT Check",
        "RAC Free Vehicle Health Check",
        "Servicing"
      ]
    },
    {
      "service_name": "Steering and Suspension",
      "sub_services": [
        "Suspension Repairs",
        "Shock Absorber Replacement",
        "Front Shocks",
        "Rear Shocks",
        "Front Suspension Bushes",
        "Rear Suspension Bushes",
        "Differential",
        "Track Rod End Replacement",
        "Shock Absorber Repair",
        "Steering and Suspension - Other",
        "Coil Springs",
        "Front Coil Springs",
        "Rear Coil Springs",
        "Power Steering",
        "Steering Rack",
        "Axle Repairs",
        "CV Joint",
        "Front Axle Repair",
        "Rear Axle Repair",
        "CV Shaft",
        "Anti roll bar link",
        "Front suspension Top Mount",
        "Power steering belt",
        "Power steering belt and tensioner",
        "Power steering pump",
        "Suspension ball joints"
      ]
    },
    {
      "service_name": "Tyres, Wheels and Tracking",
      "sub_services": [
        "Puncture Repair",
        "Tyre Fitting",
        "Tyre Fitting - Front",
        "Tyre Fitting - Rear",
        "Tyre Fitting - Front and Rear",
        "Tyre Fitting - Single Tyre",
        "Wheel Bearing",
        "Left Front Wheel Bearing",
        "Right Front Wheel Bearing",
        "Left Rear Wheel Bearing",
        "Right Rear Wheel Bearing",
        "Front Wheel Alignment",
        "Wheel Tracking",
        "Front and Rear Wheel Alignment",
        "Tyres, Wheels and Tracking - Other",
        "Specialist Tyres",
        "Rear Wheel Alignment",
        "Winter Tyres",
        "Run Flat Tyre",
        "Wheel Nut Removal",
        "Wheel Refurbishment"
      ]
    },
    {
      "service_name": "Windows and Windscreens",
      "sub_services": [
        "Windscreen Replacement",
        "Window Tinting",
        "Electric Window Faults",
        "Window Replacement",
        "Windows, Windscreens and Mirrors - Other",
        "Windscreen Wipers",
        "Cracked Windscreen",
        "Rear Windscreen Replacement",
        "Tinted Windows",
        "Window Repair",
        "Windscreen Repair",
        "Front Windscreen Chip smaller than 10mm",
        "Front Windscreen Chip larger than 10mm",
        "Rear Windscreen Damage",
        "Front Windscreen Crack",
        "Wiper blades"
      ]
    },
    {
      "service_name": "Wing Mirrors",
      "sub_services": [
        "Left Painted Electric Heated Wing Mirror",
        "Left Painted Electric Wing Mirror",
        "Left Painted Manual Wing Mirror",
        "Left Standard Manual Wing Mirror",
        "Right Painted Electric Heated Wing Mirror",
        "Right Painted Electric Wing Mirror",
        "Right Painted Manual Wing Mirror",
        "Right Standard Manual Wing Mirror",
        "Wing Mirror",
        "Left Wing Mirror Glass",
        "Right Wing Mirror Glass",
        "Left Electric Wing Mirror",
        "Right Electric Wing Mirror"
      ]
    }
  ]
